0fb485f3-ec9c-45e8-ba69-58d57a7923dd,Braulio Gutmann,2,d17dc41f-da6a-4099-995c-3f63516119f2,2025-01-12 02:39:24,2025-01-12 02:39:24
1f2fbd4f-145d-44b9-aa55-2f4ee3989a19,Abner Runte,2,d17dc41f-da6a-4099-995c-3f63516119f2,2025-01-12 02:39:24,2025-01-12 02:39:24
21f03cc9-6e1d-44af-908c-dc6f98efc407,Maynard Yundt,2,d17dc41f-da6a-4099-995c-3f63516119f2,2025-01-12 02:39:24,2025-01-12 02:39:24
26709ee5-b128-46cc-bafe-dfe707b5c108,Pearlie Renner,2,d17dc41f-da6a-4099-995c-3f63516119f2,2025-01-12 02:39:24,2025-01-12 02:39:24
28600173-8f6b-49a9-8e6b-65a44f90dd72,Dr. Uriah Daugherty V,2,d17dc41f-da6a-4099-995c-3f63516119f2,2025-01-12 02:39:24,2025-01-12 02:39:24
3d8a6c03-1386-4d4c-92bf-17ac6bdc3af5,Dr. Rudolph Runte V,2,d17dc41f-da6a-4099-995c-3f63516119f2,2025-01-12 02:39:24,2025-01-12 02:39:24
4bac902a-8d92-4861-a839-56fa948a499e,Prof. Fidel Christiansen I,2,7eab5442-0ef0-4f82-9507-1acdd58317ad,2025-01-12 02:39:24,2025-01-12 02:39:24
543730cd-48df-45c0-ad83-5a24e66f5ad3,Jamarcus Kassulke MD,2,7eab5442-0ef0-4f82-9507-1acdd58317ad,2025-01-12 02:39:24,2025-01-12 02:39:24
65547359-2e79-4175-9148-0386c4c98313,Ayden Wisoky,2,7eab5442-0ef0-4f82-9507-1acdd58317ad,2025-01-12 02:39:24,2025-01-12 02:39:24
80adf2f5-24b5-4470-9a9b-9b0241e2cf74,Norval Paucek,2,7eab5442-0ef0-4f82-9507-1acdd58317ad,2025-01-12 02:39:24,2025-01-12 02:39:24
80c1e67e-27f0-4163-a6f0-172d1a7f89a8,Lilly Schiller,2,7eab5442-0ef0-4f82-9507-1acdd58317ad,2025-01-12 02:39:24,2025-01-12 02:39:24
839d87ff-b1d0-4e7a-9185-fbf8553e669a,Mohamed Mosciski DDS,2,7eab5442-0ef0-4f82-9507-1acdd58317ad,2025-01-12 02:39:24,2025-01-12 02:39:24
9fbf9a21-17b1-472d-a7f2-c4ce00840f82,Lucio Kutch,2,7eab5442-0ef0-4f82-9507-1acdd58317ad,2025-01-12 02:39:24,2025-01-12 02:39:24
a71c7c06-2d1d-47be-802c-12e91d59b828,Geovany Jaskolski,2,7eab5442-0ef0-4f82-9507-1acdd58317ad,2025-01-12 02:39:24,2025-01-12 02:39:24
a87b34e2-b1f9-4c51-b82d-f00b88f81b1e,Alexane Schulist,2,58939a11-4f76-40a1-9ab2-0a002a9e2bac,2025-01-12 02:39:24,2025-01-12 02:39:24
af9520b2-3c71-4525-83d9-79f2952bd4f4,Miss Jewell Kemmer,2,58939a11-4f76-40a1-9ab2-0a002a9e2bac,2025-01-12 02:39:24,2025-01-12 02:39:24
b44a2e61-7d40-4aa0-8ebd-9dd09017fee5,Daisy Beahan PhD,2,58939a11-4f76-40a1-9ab2-0a002a9e2bac,2025-01-12 02:39:24,2025-01-12 02:39:24
ba6d79fc-f526-4905-a3d4-ba39897bed74,Miss Daphne Erdman,2,d9e61b43-16fd-4186-93d7-ae558c3c83a0,2025-01-12 02:39:24,2025-01-12 02:39:24
be65821b-d773-430e-8619-504ca46fcd31,Trevion Cummerata V,2,d9e61b43-16fd-4186-93d7-ae558c3c83a0,2025-01-12 02:39:24,2025-01-12 02:39:24
ccf02824-f544-4902-a307-b610ab23277b,Bridget Brown,2,e4a3ea8d-4933-4f38-a392-41ae681a0079,2025-01-12 02:39:24,2025-01-12 02:39:24
d3ca8cf9-5671-44c3-ab17-6b1f7e02b796,Randy Langosh DDS,2,e4a3ea8d-4933-4f38-a392-41ae681a0079,2025-01-12 02:39:24,2025-01-12 02:39:24
d8f575ec-a744-4be9-a46b-86d983c2f663,Lempi Rippin,2,e4a3ea8d-4933-4f38-a392-41ae681a0079,2025-01-12 02:39:24,2025-01-12 02:39:24
e7b89efc-8f36-4487-9871-309388a1b9fe,Caitlyn Reinger,2,e4a3ea8d-4933-4f38-a392-41ae681a0079,2025-01-12 02:39:24,2025-01-12 02:39:24
efa01f1a-7127-4885-861c-271ed6f3d904,Doyle West,2,ed13b02b-ccbc-4dbe-9af7-8dbcc7ca58ae,2025-01-12 02:39:24,2025-01-12 02:39:24
f9766150-615d-41a8-8036-a49ba44282c9,Hiram Lubowitz,2,f11229a6-230e-4599-b1fb-c652ebc5f3df,2025-01-12 02:39:24,2025-01-12 02:39:24
